array,window_size,max_values
7 98 48 43 56 49 81 44 97 86,3,98 98 56 56 81 81 97 97
13 53 21 77 15 12 80 14 58 40,3,53 77 77 77 80 80 80 58
93 38 47 81 90 23 27 9 12 58,3,93 81 90 90 90 27 27 58
42 87 73 88 85 78 76 80 28 49,3,87 88 88 88 85 80 80 80
35 52 11 33 31 67 44 68 71 34,3,52 52 33 67 67 68 71 71
44 100 90 97 38 29 20 28 29 79,3,100 100 97 97 38 29 29 79
50 80 26 21 94 77 75 14 54 48,3,80 80 94 94 94 77 75 54
10 88 94 22 66 26 35 56 94 81,3,94 94 94 66 66 56 94 94
58 96 83 56 7 64 73 80 95 5,3,96 96 83 64 73 80 95 95
64 85 73 10 36 29 19 63 16 57,3,85 85 73 36 36 63 63 63
5 56 100 84 70 64 9 10 62 11,3,100 100 100 84 70 64 62 62
51 70 52 15 60 30 3 22 75 63,3,70 70 60 60 60 30 75 75
73 41 93 69 43 20 24 95 37 51,3,93 93 93 69 43 95 95 95
90 94 24 64 25 44 93 37 7 25,3,94 94 64 64 93 93 93 37
77 81 90 4 8 30 84 8 31 31,3,90 90 90 30 84 84 84 31
85 28 50 98 21 86 3 50 60 90,3,85 98 98 98 86 86 60 90
11 11 41 88 36 52 27 59 11 1,3,41 88 88 88 52 59 59 59
62 89 80 52 89 54 58 10 70 54,3,89 89 89 89 89 58 70 70
41 60 82 81 43 66 68 74 31 73,3,82 82 82 81 68 74 74 74
98 85 10 28 77 82 12 41 19 18,3,98 85 77 82 82 82 41 41
33 32 19 83 33 33 84 45 19 76,3,33 83 83 83 84 84 84 76
81 18 66 29 13 41 82 100 17 47,3,81 66 66 41 82 100 100 100
73 4 98 17 67 39 18 72 11 35,3,98 98 98 67 67 72 72 72
37 90 80 98 42 95 80 64 98 53,3,90 98 98 98 95 95 98 98
24 90 76 97 67 79 95 86 39 33,3,90 97 97 97 95 95 95 86
98 84 99 36 96 80 27 93 76 43,3,99 99 99 96 96 93 93 93
49 80 70 87 40 91 95 11 90 16,3,80 87 87 91 95 95 95 90
37 1 17 51 13 74 99 77 81 71,3,37 51 51 74 99 99 99 81
84 97 4 65 81 54 60 17 16 41,3,97 97 81 81 81 60 60 41
47 71 64 11 75 13 54 27 14 52,3,71 71 75 75 75 54 54 52
99 82 18 70 29 2 6 85 94 69,3,99 82 70 70 29 85 94 94
10 98 96 33 78 91 91 54 66 14,3,98 98 96 91 91 91 91 66
34 98 52 14 28 99 9 75 81 75,3,98 98 52 99 99 99 81 81
58 3 55 47 35 94 7 58 82 59,3,58 55 55 94 94 94 82 82
53 93 38 6 16 50 39 82 18 63,3,93 93 38 50 50 82 82 82
96 73 12 42 80 43 35 66 37 46,3,96 73 80 80 80 66 66 66
17 83 68 82 90 91 1 49 74 21,3,83 83 90 91 91 91 74 74
75 72 41 7 69 50 51 28 80 13,3,75 72 69 69 69 51 80 80
7 67 50 92 19 81 28 96 71 13,3,67 92 92 92 81 96 96 96
60 95 76 61 4 15 97 77 21 23,3,95 95 76 61 97 97 97 77
53 2 63 73 29 37 44 49 9 31,3,63 73 73 73 44 49 49 49
62 26 80 45 34 6 88 94 66 11,3,80 80 80 45 88 94 94 94
14 15 52 26 66 54 71 25 64 16,3,52 52 66 66 71 71 71 64
6 91 11 35 71 7 63 67 54 56,3,91 91 71 71 71 67 67 67
55 86 33 49 59 24 83 7 6 57,3,86 86 59 59 83 83 83 57
5 13 22 87 66 86 83 28 58 20,3,22 87 87 87 86 86 83 58
96 31 100 2 75 27 66 7 92 22,3,100 100 100 75 75 66 92 92
51 7 37 83 14 30 22 10 5 34,3,51 83 83 83 30 30 22 34
87 88 61 67 5 32 17 87 60 72,3,88 88 67 67 32 87 87 87
44 7 62 82 28 91 68 62 16 97,3,62 82 82 91 91 91 68 97
38 57 20 98 74 48 87 18 18 77,3,57 98 98 98 87 87 87 77
4 89 37 1 95 60 36 6 68 15,3,89 89 95 95 95 60 68 68
97 41 74 96 15 70 45 74 3 35,3,97 96 96 96 70 74 74 74
79 72 57 6 52 2 94 65 11 33,3,79 72 57 52 94 94 94 65
64 94 40 68 94 23 23 12 100 54,3,94 94 94 94 94 23 100 100
98 69 12 23 58 6 98 76 70 1,3,98 69 58 58 98 98 98 76
46 65 87 80 55 75 35 97 4 76,3,87 87 87 80 75 97 97 97
9 53 3 3 30 91 97 47 76 7,3,53 53 30 91 97 97 97 76
3 79 2 11 54 99 38 32 95 57,3,79 79 54 99 99 99 95 95
92 75 41 40 59 88 33 39 100 56,3,92 75 59 88 88 88 100 100
1 91 15 36 97 21 75 60 58 76,3,91 91 97 97 97 75 75 76
29 77 96 15 100 60 69 20 86 50,3,96 96 100 100 100 69 86 86
6 83 66 97 94 94 24 88 31 92,3,83 97 97 97 94 94 88 92
7 22 73 76 98 70 94 14 44 92,3,73 76 98 98 98 94 94 92
97 70 55 46 86 28 33 75 27 8,3,97 70 86 86 86 75 75 75
36 21 7 22 11 39 73 1 61 62,3,36 22 22 39 73 73 73 62
5 72 16 94 8 14 97 11 30 94,3,72 94 94 94 97 97 97 94
46 62 35 68 71 21 15 10 26 11,3,62 68 71 71 71 21 26 26
15 92 25 9 93 32 15 35 93 17,3,92 92 93 93 93 35 93 93
39 61 53 30 41 75 5 33 68 40,3,61 61 53 75 75 75 68 68
48 3 42 42 89 27 79 13 11 26,3,48 42 89 89 89 79 79 26
67 51 70 42 59 49 24 3 88 43,3,70 70 70 59 59 49 88 88
60 59 40 77 85 44 41 3 87 44,3,60 77 85 85 85 44 87 87
35 26 94 15 53 78 77 58 86 83,3,94 94 94 78 78 78 86 86
40 4 3 32 72 65 86 44 8 56,3,40 32 72 72 86 86 86 56
70 40 80 56 16 80 1 99 39 90,3,80 80 80 80 80 99 99 99
46 94 21 18 32 91 65 90 35 65,3,94 94 32 91 91 91 90 90
76 99 14 48 23 77 74 17 52 86,3,99 99 48 77 77 77 74 86
79 37 13 67 76 49 42 93 47 28,3,79 67 76 76 76 93 93 93
48 21 43 56 33 100 54 5 51 29,3,48 56 56 100 100 100 54 51
67 17 92 96 91 93 13 30 47 52,3,92 96 96 96 93 93 47 52
7 46 80 36 56 84 84 59 51 97,3,80 80 80 84 84 84 84 97
47 67 19 81 69 78 93 51 46 1,3,67 81 81 81 93 93 93 51
47 14 71 56 2 1 24 71 53 96,3,71 71 71 56 24 71 71 96
46 13 19 24 70 63 27 17 47 28,3,46 24 70 70 70 63 47 47
80 44 41 48 77 4 77 48 14 12,3,80 48 77 77 77 77 77 48
17 45 40 55 40 61 61 25 36 29,3,45 55 55 61 61 61 61 36
76 92 33 70 45 84 40 11 36 82,3,92 92 70 84 84 84 40 82
79 40 64 40 58 31 42 89 89 67,3,79 64 64 58 58 89 89 89
36 6 52 50 2 51 4 25 41 38,3,52 52 52 51 51 51 41 41
29 11 18 26 72 60 63 97 37 22,3,29 26 72 72 72 97 97 97
17 66 74 60 65 94 71 73 82 97,3,74 74 74 94 94 94 82 97
3 46 37 32 20 91 42 21 88 93,3,46 46 37 91 91 91 88 93
1 10 57 68 11 35 81 80 37 11,3,57 68 68 68 81 81 81 80
15 1 58 52 27 57 52 7 69 70,3,58 58 58 57 57 57 69 70
29 73 39 2 18 84 33 50 16 50,3,73 73 39 84 84 84 50 50
7 61 62 100 3 96 72 17 56 87,3,62 100 100 100 96 96 72 87
39 9 4 49 75 14 20 38 36 66,3,39 49 75 75 75 38 38 66
73 14 35 71 64 31 12 62 75 80,3,73 71 71 71 64 62 75 80
74 55 63 74 61 76 9 14 57 11,3,74 74 74 76 76 76 57 57
5 44 100 41 1 34 81 75 62 81,3,100 100 100 41 81 81 81 81
6 81 81 37 42 37 10 65 21 7,3,81 81 81 42 42 65 65 65
20 27 66 67 63 89 32 62 26 65,3,66 67 67 89 89 89 62 65
74 89 2 35 29 74 39 19 100 92,3,89 89 35 74 74 74 100 100
59 9 98 4 18 80 53 38 18 47,3,98 98 98 80 80 80 53 47
58 74 10 70 20 32 95 51 71 88,3,74 74 70 70 95 95 95 88
54 90 58 23 77 46 96 18 6 73,3,90 90 77 77 96 96 96 73
1 43 76 17 42 16 42 65 91 63,3,76 76 76 42 42 65 91 91
95 37 99 68 20 77 51 95 81 45,3,99 99 99 77 77 95 95 95
9 98 9 89 21 95 64 89 44 80,3,98 98 89 95 95 95 89 89
2 3 43 23 87 45 77 82 88 64,3,43 43 87 87 87 82 88 88
15 47 37 12 63 72 91 61 50 87,3,47 47 63 72 91 91 91 87
100 38 16 67 93 51 56 20 46 7,3,100 67 93 93 93 56 56 46
46 45 23 78 54 27 1 12 72 61,3,46 78 78 78 54 27 72 72
6 31 62 50 88 47 67 34 69 47,3,62 62 88 88 88 67 69 69
87 96 100 2 13 53 32 94 12 57,3,100 100 100 53 53 94 94 94
74 31 49 40 52 10 55 28 78 82,3,74 49 52 52 55 55 78 82
61 70 84 99 49 91 92 33 38 85,3,84 99 99 99 92 92 92 85
13 43 77 68 34 81 70 11 12 37,3,77 77 77 81 81 81 70 37
33 34 25 56 51 52 93 60 99 89,3,34 56 56 56 93 93 99 99
6 28 37 42 75 4 86 48 67 33,3,37 42 75 75 86 86 86 67
61 90 53 29 94 97 63 86 2 36,3,90 90 94 97 97 97 86 86
57 92 35 33 55 15 90 38 57 99,3,92 92 55 55 90 90 90 99
60 69 32 50 99 29 56 29 67 86,3,69 69 99 99 99 56 67 86
44 34 51 46 36 96 72 42 1 72,3,51 51 51 96 96 96 72 72
49 33 63 21 42 18 37 45 48 82,3,63 63 63 42 42 45 48 82
20 15 1 91 58 29 49 51 29 100,3,20 91 91 91 58 51 51 100
93 49 34 88 85 67 1 18 80 35,3,93 88 88 88 85 67 80 80
26 22 55 51 28 13 45 81 96 76,3,55 55 55 51 45 81 96 96
34 67 55 84 74 51 88 33 77 31,3,67 84 84 84 88 88 88 77
77 73 59 82 66 72 13 8 65 16,3,77 82 82 82 72 72 65 65
10 9 26 100 2 95 76 23 26 33,3,26 100 100 100 95 95 76 33
65 12 12 48 2 1 75 88 93 62,3,65 48 48 48 75 88 93 93
36 31 35 24 81 89 95 100 57 41,3,36 35 81 89 95 100 100 100
11 7 52 79 77 33 3 91 49 62,3,52 79 79 79 77 91 91 91
64 81 86 70 35 10 61 35 45 7,3,86 86 86 70 61 61 61 45
58 44 39 44 70 80 10 54 77 31,3,58 44 70 80 80 80 77 77
20 17 83 74 31 81 61 58 31 4,3,83 83 83 81 81 81 61 58
82 68 2 63 35 16 48 59 49 86,3,82 68 63 63 48 59 59 86
30 89 22 13 39 64 65 45 77 76,3,89 89 39 64 65 65 77 77
99 37 29 53 42 94 89 97 84 51,3,99 53 53 94 94 97 97 97
97 34 19 4 71 16 19 41 68 70,3,97 34 71 71 71 41 68 70
51 26 17 73 96 65 45 74 24 95,3,51 73 96 96 96 74 74 95
97 66 47 4 63 78 42 73 76 61,3,97 66 63 78 78 78 76 76
15 82 47 22 81 7 8 46 31 65,3,82 82 81 81 81 46 46 65
27 74 94 12 56 33 77 94 37 29,3,94 94 94 56 77 94 94 94
97 92 53 11 75 61 48 65 84 50,3,97 92 75 75 75 65 84 84
32 5 24 8 42 30 53 73 96 37,3,32 24 42 42 53 73 96 96
91 55 63 85 80 71 85 9 79 75,3,91 85 85 85 85 85 85 79
100 100 93 81 70 71 42 40 95 85,3,100 100 93 81 71 71 95 95
97 49 50 53 96 66 2 95 94 98,3,97 53 96 96 96 95 95 98
62 62 17 61 43 5 46 88 45 53,3,62 62 61 61 46 88 88 88
41 45 73 57 1 87 74 45 81 95,3,73 73 73 87 87 87 81 95
10 100 85 72 92 11 50 6 32 42,3,100 100 92 92 92 50 50 42
13 7 49 5 12 25 34 89 28 84,3,49 49 49 25 34 89 89 89
88 45 99 77 84 55 85 32 22 75,3,99 99 99 84 85 85 85 75
17 10 87 81 3 59 3 90 5 68,3,87 87 87 81 59 90 90 90
76 75 54 4 9 73 96 53 89 9,3,76 75 54 73 96 96 96 89
18 72 74 63 46 12 93 84 76 3,3,74 74 74 63 93 93 93 84
43 61 71 98 39 77 73 53 45 47,3,71 98 98 98 77 77 73 53
97 3 76 21 61 56 76 26 85 43,3,97 76 76 61 76 76 85 85
87 7 94 13 65 15 38 2 58 82,3,94 94 94 65 65 38 58 82
48 56 88 36 54 15 50 13 47 45,3,88 88 88 54 54 50 50 47
94 25 60 27 79 22 53 49 51 78,3,94 60 79 79 79 53 53 78
14 12 18 33 5 39 19 65 58 90,3,18 33 33 39 39 65 65 90
85 18 85 5 95 46 84 2 26 23,3,85 85 95 95 95 84 84 26
9 99 53 43 22 18 5 15 84 56,3,99 99 53 43 22 18 84 84
61 11 39 39 31 87 68 22 64 42,3,61 39 39 87 87 87 68 64
32 4 10 6 5 76 24 20 63 73,3,32 10 10 76 76 76 63 73
40 23 37 100 39 89 81 61 70 28,3,40 100 100 100 89 89 81 70
14 32 7 50 37 26 58 21 57 44,3,32 50 50 50 58 58 58 57
44 46 7 20 21 77 45 35 41 73,3,46 46 21 77 77 77 45 73
66 65 59 28 39 51 85 99 50 61,3,66 65 59 51 85 99 99 99
71 54 56 80 3 49 15 50 93 53,3,71 80 80 80 49 50 93 93
59 58 59 66 30 6 70 39 33 72,3,59 66 66 66 70 70 70 72
56 29 66 71 61 52 46 67 1 25,3,66 71 71 71 61 67 67 67
11 71 4 64 21 86 61 81 82 14,3,71 71 64 86 86 86 82 82
72 62 94 25 39 62 28 59 51 48,3,94 94 94 62 62 62 59 59
48 97 60 69 64 27 42 32 73 28,3,97 97 69 69 64 42 73 73
78 10 60 59 75 20 30 54 17 10,3,78 60 75 75 75 54 54 54
99 52 71 40 13 87 36 58 90 53,3,99 71 71 87 87 87 90 90
30 61 62 19 35 90 79 69 78 33,3,62 62 62 90 90 90 79 78
98 57 91 84 46 43 36 7 69 84,3,98 91 91 84 46 43 69 84
16 66 28 85 12 79 60 2 63 3,3,66 85 85 85 79 79 63 63
39 94 65 54 96 27 71 38 67 88,3,94 94 96 96 96 71 71 88
9 51 99 20 36 20 81 59 85 57,3,99 99 99 36 81 81 85 85
30 14 46 72 89 21 7 13 85 46,3,46 72 89 89 89 21 85 85
8 41 6 12 5 40 78 48 51 61,3,41 41 12 40 78 78 78 61
72 73 58 98 38 68 99 39 14 76,3,73 98 98 98 99 99 99 76
33 23 5 24 55 36 84 37 22 51,3,33 24 55 55 84 84 84 51
100 53 14 68 65 30 66 84 86 67,3,100 68 68 68 66 84 86 86
98 67 73 62 23 83 95 35 27 80,3,98 73 73 83 95 95 95 80
2 25 79 89 15 6 95 66 33 74,3,79 89 89 89 95 95 95 74
12 61 19 73 100 43 2 61 45 47,3,61 73 100 100 100 61 61 61
96 28 88 40 38 10 16 24 35 36,3,96 88 88 40 38 24 35 36
39 23 25 98 70 68 99 92 14 90,3,39 98 98 98 99 99 99 92
23 79 46 17 22 65 26 41 74 75,3,79 79 46 65 65 65 74 75
47 45 69 37 38 51 87 58 75 63,3,69 69 69 51 87 87 87 75
100 9 63 63 39 63 25 100 98 58,3,100 63 63 63 63 100 100 100
42 93 73 92 33 6 54 73 21 47,3,93 93 92 92 54 73 73 73
76 48 68 28 99 52 58 48 70 1,3,76 68 99 99 99 58 70 70
6 66 38 19 68 41 2 71 77 24,3,66 66 68 68 68 71 77 77
93 76 73 38 42 18 45 69 43 8,3,93 76 73 42 45 69 69 69
88 61 82 54 65 10 90 61 78 56,3,88 82 82 65 90 90 90 78
78 94 90 56 49 35 22 6 96 56,3,94 94 90 56 49 35 96 96
78 32 74 47 37 89 27 2 2 90,3,78 74 74 89 89 89 27 90
85 71 17 79 27 84 4 48 25 68,3,85 79 79 84 84 84 48 68
5 47 20 28 60 52 6 42 66 26,3,47 47 60 60 60 52 66 66
14 99 55 68 70 10 27 69 77 95,3,99 99 70 70 70 69 77 95
37 33 74 79 67 76 46 34 23 79,3,74 79 79 79 76 76 46 79
18 54 96 50 58 10 4 96 81 72,3,96 96 96 58 58 96 96 96
45 86 7 77 82 85 53 79 11 79,3,86 86 82 85 85 85 79 79
87 53 36 24 1 87 36 91 5 25,3,87 53 36 87 87 91 91 91
58 68 21 52 69 45 93 62 15 88,3,68 68 69 69 93 93 93 88
62 40 10 47 54 94 37 30 62 67,3,62 47 54 94 94 94 62 67
93 9 37 100 43 60 35 29 35 87,3,93 100 100 100 60 60 35 87
26 68 36 72 4 28 18 77 7 16,3,68 72 72 72 28 77 77 77
89 53 33 98 86 90 20 78 24 52,3,89 98 98 98 90 90 78 78
49 89 67 82 94 33 21 63 27 98,3,89 89 94 94 94 63 63 98
76 83 4 2 3 27 16 84 72 90,3,83 83 4 27 27 84 84 90
100 62 63 53 74 12 92 95 42 18,3,100 63 74 74 92 95 95 95
32 49 93 66 57 24 54 85 10 41,3,93 93 93 66 57 85 85 85
2 45 48 82 15 59 71 72 25 68,3,48 82 82 82 71 72 72 72
45 27 15 26 76 99 65 44 69 24,3,45 27 76 99 99 99 69 69
57 20 74 35 8 99 2 49 90 58,3,74 74 74 99 99 99 90 90
44 34 40 42 70 7 93 38 43 22,3,44 42 70 70 93 93 93 43
61 34 19 11 61 51 63 40 60 49,3,61 34 61 61 63 63 63 60
2 31 10 21 48 70 46 40 50 58,3,31 31 48 70 70 70 50 58
17 64 88 95 68 46 100 89 1 66,3,88 95 95 95 100 100 100 89
46 75 43 61 77 66 23 40 40 30,3,75 75 77 77 77 66 40 40
69 54 33 62 83 3 53 37 8 73,3,69 62 83 83 83 53 53 73
68 47 98 45 45 14 2 8 54 22,3,98 98 98 45 45 14 54 54
23 36 80 18 35 72 74 100 2 52,3,80 80 80 72 74 100 100 100
99 58 35 69 87 17 61 37 54 58,3,99 69 87 87 87 61 61 58
19 100 85 60 56 37 13 74 22 39,3,100 100 85 60 56 74 74 74
35 1 7 29 56 57 75 65 85 55,3,35 29 56 57 75 75 85 85
68 47 58 82 7 8 28 92 30 41,3,68 82 82 82 28 92 92 92
31 31 28 82 46 12 61 15 35 71,3,31 82 82 82 61 61 61 71
35 31 37 47 70 13 28 74 49 63,3,37 47 70 70 70 74 74 74
56 55 60 78 92 54 32 70 69 36,3,60 78 92 92 92 70 70 70
51 61 8 24 59 37 80 37 10 77,3,61 61 59 59 80 80 80 77
82 76 91 25 61 90 72 80 11 73,3,91 91 91 90 90 90 80 80
88 92 17 65 13 18 7 86 34 8,3,92 92 65 65 18 86 86 86
41 7 97 33 96 74 72 56 57 89,3,97 97 97 96 96 74 72 89
57 77 50 51 84 89 79 37 61 54,3,77 77 84 89 89 89 79 61
4 99 60 82 91 69 61 30 81 66,3,99 99 91 91 91 69 81 81
12 38 50 43 4 59 24 71 68 68,3,50 50 50 59 59 71 71 71
97 25 55 70 8 2 78 100 93 75,3,97 70 70 70 78 100 100 100
55 11 71 34 83 55 66 100 13 56,3,71 71 83 83 83 100 100 100
31 1 95 80 71 84 48 45 20 47,3,95 95 95 84 84 84 48 47
84 68 72 75 100 89 97 19 48 40,3,84 75 100 100 100 97 97 48
31 90 91 37 5 66 54 23 63 29,3,91 91 91 66 66 66 63 63
74 71 53 58 79 87 86 26 70 81,3,74 71 79 87 87 87 86 81
60 7 26 73 60 1 61 31 33 100,3,60 73 73 73 61 61 61 100
98 32 29 30 76 6 74 85 83 33,3,98 32 76 76 76 85 85 85
74 83 19 16 87 69 34 80 72 8,3,83 83 87 87 87 80 80 80
48 84 40 94 61 14 73 34 48 99,3,84 94 94 94 73 73 73 99
79 10 94 25 36 16 2 82 40 29,3,94 94 94 36 36 82 82 82
69 32 79 14 21 83 25 95 1 92,3,79 79 79 83 83 95 95 95
89 87 3 7 26 54 79 45 94 82,3,89 87 26 54 79 79 94 94
9 60 86 73 22 34 34 62 37 39,3,86 86 86 73 34 62 62 62
82 87 98 76 27 61 33 92 85 83,3,98 98 98 76 61 92 92 92
70 92 75 65 29 19 43 89 29 22,3,92 92 75 65 43 89 89 89
14 65 45 96 7 93 69 75 85 41,3,65 96 96 96 93 93 85 85
19 100 98 76 100 52 24 61 73 2,3,100 100 100 100 100 61 73 73
93 100 88 3 95 69 42 64 4 31,3,100 100 95 95 95 69 64 64
43 16 27 26 39 29 23 15 4 94,3,43 27 39 39 39 29 23 94
47 14 55 45 45 45 60 84 48 79,3,55 55 55 45 60 84 84 84
14 22 68 58 38 17 100 91 82 55,3,68 68 68 58 100 100 100 91
78 52 65 12 45 61 66 25 67 63,3,78 65 65 61 66 66 67 67
49 9 57 95 87 43 98 8 3 78,3,57 95 95 95 98 98 98 78
68 99 90 42 95 92 90 2 46 68,3,99 99 95 95 95 92 90 68
8 17 71 54 34 84 20 92 73 46,3,71 71 71 84 84 92 92 92
46 53 30 95 11 6 58 27 43 57,3,53 95 95 95 58 58 58 57
13 92 18 74 46 54 73 42 66 61,3,92 92 74 74 73 73 73 66
96 3 53 1 51 20 94 89 53 2,3,96 53 53 51 94 94 94 89
54 36 43 48 23 33 64 30 51 97,3,54 48 48 48 64 64 64 97
12 2 26 42 7 93 45 72 88 49,3,26 42 42 93 93 93 88 88
82 28 91 70 100 14 58 38 96 53,3,91 91 100 100 100 58 96 96
68 71 14 92 11 41 82 20 76 71,3,71 92 92 92 82 82 82 76
85 46 73 36 75 49 29 48 59 97,3,85 73 75 75 75 49 59 97
24 11 78 90 11 49 44 23 35 69,3,78 90 90 90 49 49 44 69
74 11 93 97 6 39 98 62 16 48,3,93 97 97 97 98 98 98 62
62 74 94 82 7 48 62 51 15 15,3,94 94 94 82 62 62 62 51
64 96 77 17 67 97 6 32 22 46,3,96 96 77 97 97 97 32 46
95 27 24 20 39 5 29 58 55 90,3,95 27 39 39 39 58 58 90
96 52 35 49 2 20 21 20 78 7,3,96 52 49 49 21 21 78 78
19 56 48 52 17 34 68 21 19 96,3,56 56 52 52 68 68 68 96
55 80 76 7 88 45 33 54 19 7,3,80 80 88 88 88 54 54 54
41 11 10 65 49 33 46 69 8 26,3,41 65 65 65 49 69 69 69
94 88 77 41 50 41 96 11 18 79,3,94 88 77 50 96 96 96 79
41 75 32 91 28 56 94 57 81 4,3,75 91 91 91 94 94 94 81
45 42 95 74 94 74 53 73 99 47,3,95 95 95 94 94 74 99 99
49 15 50 63 95 46 85 27 6 84,3,50 63 95 95 95 85 85 84
40 35 6 47 18 69 17 11 91 14,3,40 47 47 69 69 69 91 91
72 30 59 39 70 34 26 48 17 25,3,72 59 70 70 70 48 48 48
97 48 77 88 9 2 29 39 27 38,3,97 88 88 88 29 39 39 39
97 45 61 35 98 66 13 12 76 37,3,97 61 98 98 98 66 76 76
4 2 80 14 76 9 37 77 83 43,3,80 80 80 76 76 77 83 83
60 74 63 8 5 62 17 41 18 21,3,74 74 63 62 62 62 41 41
55 81 75 29 94 6 1 66 2 7,3,81 81 94 94 94 66 66 66
39 58 74 14 20 54 43 53 61 98,3,74 74 74 54 54 54 61 98
74 25 22 97 23 99 21 34 53 34,3,74 97 97 99 99 99 53 53
95 24 71 99 2 80 70 3 38 15,3,95 99 99 99 80 80 70 38
48 42 35 22 69 9 54 40 70 91,3,48 42 69 69 69 54 70 91
52 81 66 99 61 79 80 81 58 33,3,81 99 99 99 80 81 81 81
63 82 57 9 24 9 58 7 31 93,3,82 82 57 24 58 58 58 93
39 63 5 42 95 67 41 42 36 22,3,63 63 95 95 95 67 42 42
99 55 10 94 40 24 37 61 18 27,3,99 94 94 94 40 61 61 61
77 49 93 59 58 1 32 11 82 66,3,93 93 93 59 58 32 82 82
37 52 86 83 23 25 79 100 36 29,3,86 86 86 83 79 100 100 100
21 1 42 98 20 16 81 92 83 12,3,42 98 98 98 81 92 92 92
58 33 38 52 7 97 14 47 32 89,3,58 52 52 97 97 97 47 89
64 19 61 68 11 87 84 90 12 66,3,64 68 68 87 87 90 90 90
54 37 50 86 84 49 31 45 47 35,3,54 86 86 86 84 49 47 47
43 53 54 3 92 29 45 70 18 86,3,54 54 92 92 92 70 70 86
73 93 73 27 51 83 77 26 51 29,3,93 93 73 83 83 83 77 51
87 40 92 31 93 39 95 89 62 68,3,92 92 93 93 95 95 95 89
24 59 1 80 20 66 53 77 65 6,3,59 80 80 80 66 77 77 77
12 62 12 90 78 54 68 54 61 76,3,62 90 90 90 78 68 68 76
41 46 99 92 26 68 95 49 68 80,3,99 99 99 92 95 95 95 80
3 9 9 93 93 4 67 9 90 84,3,9 93 93 93 93 67 90 90
2 42 1 16 88 63 40 41 16 18,3,42 42 88 88 88 63 41 41
29 24 61 25 60 9 49 28 10 26,3,61 61 61 60 60 49 49 28
26 51 1 29 100 40 43 60 58 29,3,51 51 100 100 100 60 60 60
40 54 61 46 66 80 70 39 57 35,3,61 61 66 80 80 80 70 57
24 12 77 89 47 33 22 99 37 48,3,77 89 89 89 47 99 99 99
3 31 79 100 39 79 94 64 7 14,3,79 100 100 100 94 94 94 64
15 12 63 50 27 70 95 31 12 20,3,63 63 63 70 95 95 95 31
62 63 74 97 82 24 28 24 63 64,3,74 97 97 97 82 28 63 64
31 44 42 52 16 11 12 41 23 64,3,44 52 52 52 16 41 41 64
13 16 66 18 8 7 98 31 56 83,3,66 66 66 18 98 98 98 83
59 36 40 64 16 84 99 56 50 17,3,59 64 64 84 99 99 99 56
89 60 30 50 90 3 51 28 12 85,3,89 60 90 90 90 51 51 85
43 45 40 26 65 22 59 44 80 88,3,45 45 65 65 65 59 80 88
68 95 66 47 61 30 76 36 82 89,3,95 95 66 61 76 76 82 89
21 20 19 78 68 24 73 15 87 84,3,21 78 78 78 73 73 87 87
55 13 55 88 19 8 68 95 35 10,3,55 88 88 88 68 95 95 95
97 82 43 65 99 72 96 17 73 95,3,97 82 99 99 99 96 96 95
20 32 42 56 43 27 5 51 96 79,3,42 56 56 56 43 51 96 96
99 88 7 88 25 14 96 41 45 55,3,99 88 88 88 96 96 96 55
7 65 15 28 11 28 6 37 26 39,3,65 65 28 28 28 37 37 39
83 22 61 62 44 6 69 72 7 84,3,83 62 62 62 69 72 72 84
94 79 63 62 18 21 27 96 53 67,3,94 79 63 62 27 96 96 96
53 53 9 74 76 71 30 93 90 19,3,53 74 76 76 76 93 93 93
90 21 57 100 49 71 91 50 95 30,3,90 100 100 100 91 91 95 95
8 61 48 4 98 96 17 79 55 16,3,61 61 98 98 98 96 79 79
41 25 51 97 27 16 26 47 82 87,3,51 97 97 97 27 47 82 87
13 70 17 65 87 36 51 76 77 82,3,70 70 87 87 87 76 77 82
75 94 39 5 3 33 61 74 11 98,3,94 94 39 33 61 74 74 98
59 27 94 13 52 42 79 41 84 87,3,94 94 94 52 79 79 84 87
45 78 58 7 84 95 40 64 4 52,3,78 78 84 95 95 95 64 64
33 86 43 59 36 79 26 55 40 58,3,86 86 59 79 79 79 55 58
9 30 19 55 17 81 24 8 74 96,3,30 55 55 81 81 81 74 96
100 44 2 23 58 58 63 52 95 8,3,100 44 58 58 63 63 95 95
95 45 5 83 68 64 17 67 49 5,3,95 83 83 83 68 67 67 67
44 89 11 86 4 63 53 82 59 29,3,89 89 86 86 63 82 82 82
18 11 1 46 16 90 53 98 93 60,3,18 46 46 90 90 98 98 98
61 50 84 23 2 86 73 16 90 53,3,84 84 84 86 86 86 90 90
80 64 80 48 18 54 60 54 40 44,3,80 80 80 54 60 60 60 54
20 74 61 59 83 59 87 56 79 87,3,74 74 83 83 87 87 87 87
62 59 49 38 21 54 50 13 88 69,3,62 59 49 54 54 54 88 88
62 37 92 19 32 54 13 40 91 68,3,92 92 92 54 54 54 91 91
67 30 4 78 93 50 60 33 97 37,3,67 78 93 93 93 60 97 97
57 18 1 33 62 21 65 98 1 43,3,57 33 62 62 65 98 98 98
4 89 62 68 5 43 85 2 77 40,3,89 89 68 68 85 85 85 77
87 66 86 22 72 83 48 49 40 86,3,87 86 86 83 83 83 49 86
77 65 3 13 13 83 100 3 47 43,3,77 65 13 83 100 100 100 47
60 14 54 51 30 42 29 95 34 66,3,60 54 54 51 42 95 95 95
66 32 57 30 43 18 65 96 86 69,3,66 57 57 43 65 96 96 96
16 27 20 73 5 9 44 56 77 43,3,27 73 73 73 44 56 77 77
17 51 50 99 85 72 21 14 79 66,3,51 99 99 99 85 72 79 79
75 3 16 6 13 70 77 24 35 94,3,75 16 16 70 77 77 77 94
61 53 84 12 19 89 7 87 8 76,3,84 84 84 89 89 89 87 87
81 85 47 32 5 11 17 22 99 97,3,85 85 47 32 17 22 99 99
90 64 8 73 11 37 79 96 46 22,3,90 73 73 73 79 96 96 96
12 97 67 64 100 21 54 58 74 80,3,97 97 100 100 100 58 74 80
45 84 20 93 7 6 26 31 42 64,3,84 93 93 93 26 31 42 64
51 42 70 81 29 70 26 16 88 73,3,70 81 81 81 70 70 88 88
16 1 51 100 43 34 34 37 30 9,3,51 100 100 100 43 37 37 37
64 77 52 28 67 67 19 54 19 8,3,77 77 67 67 67 67 54 54
24 56 43 19 55 33 18 20 98 92,3,56 56 55 55 55 33 98 98
31 89 17 68 86 20 20 19 41 47,3,89 89 86 86 86 20 41 47
58 38 86 53 1 84 59 4 1 4,3,86 86 86 84 84 84 59 4
36 22 26 12 14 59 19 69 74 27,3,36 26 26 59 59 69 74 74
27 25 51 55 87 25 82 66 29 11,3,51 55 87 87 87 82 82 66
40 94 79 21 67 70 28 88 28 66,3,94 94 79 70 70 88 88 88
37 29 36 49 16 54 5 82 38 89,3,37 49 49 54 54 82 82 89
62 10 29 21 9 4 14 8 63 50,3,62 29 29 21 14 14 63 63
47 10 48 7 78 57 51 5 33 95,3,48 48 78 78 78 57 51 95
15 8 48 4 16 61 24 61 59 69,3,48 48 48 61 61 61 61 69
41 6 76 48 31 32 13 70 48 76,3,76 76 76 48 32 70 70 76
28 79 44 47 40 58 81 13 33 29,3,79 79 47 58 81 81 81 33
79 56 100 35 16 5 43 47 29 61,3,100 100 100 35 43 47 47 61
67 84 17 99 49 96 32 88 95 86,3,84 99 99 99 96 96 95 95
15 59 64 1 68 41 41 35 52 49,3,64 64 68 68 68 41 52 52
51 49 9 26 35 99 3 73 98 12,3,51 49 35 99 99 99 98 98
26 30 22 85 22 32 25 28 43 43,3,30 85 85 85 32 32 43 43
64 74 84 97 76 77 13 25 25 31,3,84 97 97 97 77 77 25 31
53 91 26 79 70 14 52 73 42 49,3,91 91 79 79 70 73 73 73
49 59 62 74 68 55 70 79 63 49,3,62 74 74 74 70 79 79 79
41 4 13 14 5 32 46 42 26 17,3,41 14 14 32 46 46 46 42
52 61 28 99 81 81 22 81 73 2,3,61 99 99 99 81 81 81 81
48 19 83 89 36 51 88 43 77 88,3,83 89 89 89 88 88 88 88
97 41 12 31 41 46 82 81 47 18,3,97 41 41 46 82 82 82 81
69 22 81 48 4 3 35 91 7 80,3,81 81 81 48 35 91 91 91
13 27 18 31 63 81 77 26 63 97,3,27 31 63 81 81 81 77 97
87 8 48 50 50 16 35 96 86 55,3,87 50 50 50 50 96 96 96
88 60 1 78 78 63 79 86 60 13,3,88 78 78 78 79 86 86 86
22 93 61 32 79 34 99 22 4 98,3,93 93 79 79 99 99 99 98
21 24 43 68 12 63 31 67 7 43,3,43 68 68 68 63 67 67 67
97 86 87 10 57 7 100 46 77 26,3,97 87 87 57 100 100 100 77
56 15 93 7 86 78 21 25 50 90,3,93 93 93 86 86 78 50 90
64 57 100 62 12 14 38 34 61 95,3,100 100 100 62 38 38 61 95
7 14 49 13 39 96 40 27 39 15,3,49 49 49 96 96 96 40 39
95 30 7 72 7 40 97 90 31 76,3,95 72 72 72 97 97 97 90
47 21 80 91 74 54 52 94 54 68,3,80 91 91 91 74 94 94 94
12 29 37 63 2 47 15 34 8 59,3,37 63 63 63 47 47 34 59
55 93 22 19 28 61 94 87 92 11,3,93 93 28 61 94 94 94 92
36 52 50 21 54 3 46 37 98 7,3,52 52 54 54 54 46 98 98
64 9 6 10 6 54 25 26 10 98,3,64 10 10 54 54 54 26 98
86 39 49 57 90 4 76 60 42 18,3,86 57 90 90 90 76 76 60
79 46 93 87 96 15 57 57 47 73,3,93 93 96 96 96 57 57 73
13 49 2 5 86 83 40 91 3 5,3,49 49 86 86 86 91 91 91
20 98 79 59 26 85 47 62 98 74,3,98 98 79 85 85 85 98 98
34 3 19 44 70 19 3 72 32 86,3,34 44 70 70 70 72 72 86
87 65 32 48 72 12 83 89 33 36,3,87 65 72 72 83 89 89 89
79 71 5 8 33 39 31 40 85 29,3,79 71 33 39 39 40 85 85
8 22 18 92 99 57 91 76 48 34,3,22 92 99 99 99 91 91 76
51 100 55 39 14 68 24 34 92 38,3,100 100 55 68 68 68 92 92
24 84 1 19 65 14 5 5 52 93,3,84 84 65 65 65 14 52 93
98 55 86 80 76 28 24 22 47 34,3,98 86 86 80 76 28 47 47
99 48 86 88 46 30 95 66 25 97,3,99 88 88 88 95 95 95 97
40 12 59 44 23 68 39 88 27 59,3,59 59 59 68 68 88 88 88
12 84 47 16 48 2 77 16 24 59,3,84 84 48 48 77 77 77 59
83 90 1 13 9 44 23 71 14 99,3,90 90 13 44 44 71 71 99
87 33 3 55 41 90 25 41 89 70,3,87 55 55 90 90 90 89 89
65 25 34 99 7 24 11 22 8 10,3,65 99 99 99 24 24 22 22
80 98 64 22 45 64 95 9 69 19,3,98 98 64 64 95 95 95 69
14 93 43 74 27 75 97 90 55 11,3,93 93 74 75 97 97 97 90
59 53 8 31 41 92 32 66 73 91,3,59 53 41 92 92 92 73 91
48 62 45 1 39 32 97 17 21 73,3,62 62 45 39 97 97 97 73
31 99 45 87 68 48 100 94 16 99,3,99 99 87 87 100 100 100 99
88 85 18 30 11 69 67 72 1 7,3,88 85 30 69 69 72 72 72
8 93 37 56 87 54 36 16 96 50,3,93 93 87 87 87 54 96 96
6 9 88 37 73 49 48 73 51 70,3,88 88 88 73 73 73 73 73
76 31 76 49 22 8 17 14 55 82,3,76 76 76 49 22 17 55 82
24 93 5 92 83 20 58 87 78 29,3,93 93 92 92 83 87 87 87
82 50 26 86 22 13 34 62 17 54,3,82 86 86 86 34 62 62 62
28 29 87 61 48 74 20 62 40 79,3,87 87 87 74 74 74 62 79
70 89 29 42 41 60 15 34 82 70,3,89 89 42 60 60 60 82 82
35 95 67 85 45 19 58 15 37 24,3,95 95 85 85 58 58 58 37
38 42 11 73 65 24 64 18 78 53,3,42 73 73 73 65 64 78 78
5 48 88 89 7 16 17 69 1 72,3,88 89 89 89 17 69 69 72
35 67 96 75 86 35 44 74 97 95,3,96 96 96 86 86 74 97 97
42 78 58 6 64 11 88 28 95 11,3,78 78 64 64 88 88 95 95
43 57 30 27 93 25 58 29 61 95,3,57 57 93 93 93 58 61 95
100 8 37 58 63 55 82 88 51 1,3,100 58 63 63 82 88 88 88
7 56 49 11 97 40 86 6 36 28,3,56 56 97 97 97 86 86 36
21 77 80 80 2 14 89 54 88 26,3,80 80 80 80 89 89 89 88
32 70 71 97 37 57 49 28 91 63,3,71 97 97 97 57 57 91 91
49 56 56 49 51 39 95 17 21 3,3,56 56 56 51 95 95 95 21
73 95 22 8 96 64 58 27 3 28,3,95 95 96 96 96 64 58 28
62 96 46 24 77 22 52 42 37 91,3,96 96 77 77 77 52 52 91
93 96 88 5 9 26 20 47 18 61,3,96 96 88 26 26 47 47 61
82 20 97 94 75 93 52 43 17 96,3,97 97 97 94 93 93 52 96
83 10 43 95 14 77 89 8 59 73,3,83 95 95 95 89 89 89 73
78 86 50 72 59 33 58 71 47 37,3,86 86 72 72 59 71 71 71
100 59 47 44 62 52 54 67 90 43,3,100 59 62 62 62 67 90 90
94 28 5 96 12 64 67 85 5 90,3,94 96 96 96 67 85 85 90
23 57 72 94 58 21 16 60 80 99,3,72 94 94 94 58 60 80 99
33 55 90 90 70 50 22 2 83 7,3,90 90 90 90 70 50 83 83
45 60 46 11 41 49 78 40 32 67,3,60 60 46 49 78 78 78 67
29 99 87 81 52 15 87 57 76 4,3,99 99 87 81 87 87 87 76
42 15 62 21 18 59 35 46 71 66,3,62 62 62 59 59 59 71 71
71 31 9 69 17 75 47 73 41 80,3,71 69 69 75 75 75 73 80
12 58 16 99 14 2 96 98 9 73,3,58 99 99 99 96 98 98 98
70 11 72 100 19 29 2 8 34 36,3,72 100 100 100 29 29 34 36
34 55 54 43 76 36 44 78 94 16,3,55 55 76 76 76 78 94 94
7 64 65 48 65 57 82 50 3 54,3,65 65 65 65 82 82 82 54
83 17 32 69 34 70 59 75 9 62,3,83 69 69 70 70 75 75 75
78 3 57 67 35 91 53 100 14 38,3,78 67 67 91 91 100 100 100
92 99 77 42 99 39 3 59 72 13,3,99 99 99 99 99 59 72 72
99 38 62 40 59 25 75 48 71 62,3,99 62 62 59 75 75 75 71
6 87 2 84 30 4 26 22 30 83,3,87 87 84 84 30 26 30 83
79 36 76 18 43 11 69 31 12 78,3,79 76 76 43 69 69 69 78
92 37 93 23 69 85 2 54 61 53,3,93 93 93 85 85 85 61 61
57 6 92 68 11 17 61 74 72 84,3,92 92 92 68 61 74 74 84
45 4 18 46 57 71 34 84 3 37,3,45 46 57 71 71 84 84 84
3 41 14 61 96 76 50 33 50 56,3,41 61 96 96 96 76 50 56
23 53 20 6 73 15 8 14 47 97,3,53 53 73 73 73 15 47 97
94 18 95 26 25 95 7 84 49 54,3,95 95 95 95 95 95 84 84
15 51 5 96 27 11 43 28 31 97,3,51 96 96 96 43 43 43 97
89 14 47 39 50 35 30 68 69 28,3,89 47 50 50 50 68 69 69
31 88 59 3 16 64 80 77 82 64,3,88 88 59 64 80 80 82 82
27 22 18 86 4 31 44 33 34 49,3,27 86 86 86 44 44 44 49
19 47 31 81 17 82 94 98 22 28,3,47 81 81 82 94 98 98 98
33 67 78 89 62 96 6 95 74 96,3,78 89 89 96 96 96 95 96
80 61 44 88 70 58 85 28 74 9,3,80 88 88 88 85 85 85 74
7 95 21 83 29 73 20 97 33 27,3,95 95 83 83 73 97 97 97
11 90 83 40 14 44 1 15 24 69,3,90 90 83 44 44 44 24 69
78 64 77 19 48 81 30 29 68 45,3,78 77 77 81 81 81 68 68
46 15 6 59 77 63 78 20 94 30,3,46 59 77 77 78 78 94 94
35 92 78 82 44 99 19 55 10 79,3,92 92 82 99 99 99 55 79
94 71 68 55 31 25 100 23 27 28,3,94 71 68 55 100 100 100 28
28 52 29 3 13 80 90 20 16 70,3,52 52 29 80 90 90 90 70
45 24 34 45 17 73 49 10 52 66,3,45 45 45 73 73 73 52 66
81 61 2 27 33 84 25 66 83 37,3,81 61 33 84 84 84 83 83
90 46 76 73 64 21 31 22 48 93,3,90 76 76 73 64 31 48 93
60 31 8 95 3 1 80 98 47 14,3,60 95 95 95 80 98 98 98
69 2 29 20 59 25 64 54 26 70,3,69 29 59 59 64 64 64 70
26 18 19 91 82 13 18 84 96 89,3,26 91 91 91 82 84 96 96
73 10 20 18 43 73 22 44 90 79,3,73 20 43 73 73 73 90 90
96 21 3 45 78 35 80 27 61 80,3,96 45 78 78 80 80 80 80
40 39 6 80 13 50 82 85 15 53,3,40 80 80 80 82 85 85 85
10 87 52 100 43 97 28 96 93 89,3,87 100 100 100 97 97 96 96
5 100 3 23 89 23 32 2 70 15,3,100 100 89 89 89 32 70 70
77 100 71 31 46 41 58 93 68 60,3,100 100 71 46 58 93 93 93
47 52 3 93 60 78 63 50 16 15,3,52 93 93 93 78 78 63 50
53 77 86 11 66 83 95 61 50 46,3,86 86 86 83 95 95 95 61
73 77 76 10 86 3 1 85 7 29,3,77 77 86 86 86 85 85 85
38 48 72 48 73 97 32 67 27 92,3,72 72 73 97 97 97 67 92
34 7 96 11 55 48 54 83 79 1,3,96 96 96 55 55 83 83 83
77 48 79 31 33 96 34 66 26 66,3,79 79 79 96 96 96 66 66
74 44 82 29 39 23 33 33 25 96,3,82 82 82 39 39 33 33 96
18 56 46 89 2 96 93 50 7 53,3,56 89 89 96 96 96 93 53
77 25 5 20 49 50 92 64 81 61,3,77 25 49 50 92 92 92 81
6 78 81 12 47 70 35 50 84 10,3,81 81 81 70 70 70 84 84
97 75 95 56 12 61 78 49 63 6,3,97 95 95 61 78 78 78 63
15 45 32 23 91 34 33 32 84 54,3,45 45 91 91 91 34 84 84
96 40 26 11 30 64 5 61 91 66,3,96 40 30 64 64 64 91 91
50 62 78 29 34 85 54 54 22 20,3,78 78 78 85 85 85 54 54
36 26 63 33 13 94 32 22 2 98,3,63 63 63 94 94 94 32 98
73 77 32 41 44 8 4 99 60 30,3,77 77 44 44 44 99 99 99
51 46 90 61 60 40 37 38 11 47,3,90 90 90 61 60 40 38 47
33 13 16 75 82 88 34 1 69 99,3,33 75 82 88 88 88 69 99
70 63 75 41 87 18 82 40 78 21,3,75 75 87 87 87 82 82 78
61 12 34 3 84 60 65 8 10 32,3,61 34 84 84 84 65 65 32
42 50 17 30 59 93 17 51 18 23,3,50 50 59 93 93 93 51 51
80 2 70 7 47 25 55 72 59 81,3,80 70 70 47 55 72 72 81
2 69 92 44 89 39 23 2 80 21,3,92 92 92 89 89 39 80 80
85 12 50 33 86 100 26 46 33 66,3,85 50 86 100 100 100 46 66
58 28 56 90 47 14 28 46 56 33,3,58 90 90 90 47 46 56 56
49 87 44 23 46 20 61 54 70 5,3,87 87 46 46 61 61 70 70
33 27 11 40 5 65 100 87 49 89,3,33 40 40 65 100 100 100 89
31 51 65 74 99 87 54 48 67 59,3,65 74 99 99 99 87 67 67
42 3 21 59 73 54 65 1 29 77,3,42 59 73 73 73 65 65 77
31 4 56 96 60 61 35 5 25 4,3,56 96 96 96 61 61 35 25
6 53 36 30 82 12 4 85 8 63,3,53 53 82 82 82 85 85 85
53 97 28 17 62 29 58 10 80 12,3,97 97 62 62 62 58 80 80
45 28 68 92 37 98 41 68 36 35,3,68 92 92 98 98 98 68 68
61 62 98 51 39 22 29 67 99 3,3,98 98 98 51 39 67 99 99
68 25 20 77 31 95 96 21 99 55,3,68 77 77 95 96 96 99 99
83 18 91 7 14 28 43 71 84 4,3,91 91 91 28 43 71 84 84
99 18 53 40 42 83 99 67 98 19,3,99 53 53 83 99 99 99 98
95 80 54 60 83 75 47 23 3 12,3,95 80 83 83 83 75 47 23
45 76 76 45 51 25 13 22 89 83,3,76 76 76 51 51 25 89 89
9 70 98 31 91 1 75 56 23 39,3,98 98 98 91 91 75 75 56
45 14 96 91 46 77 37 100 90 9,3,96 96 96 91 77 100 100 100
81 75 25 86 13 30 31 85 8 63,3,81 86 86 86 31 85 85 85
88 81 56 43 11 58 37 68 33 41,3,88 81 56 58 58 68 68 68
37 29 39 17 58 49 76 23 12 72,3,39 39 58 58 76 76 76 72
42 8 76 57 1 69 88 19 58 77,3,76 76 76 69 88 88 88 77
91 54 2 48 7 17 76 8 20 76,3,91 54 48 48 76 76 76 76
81 51 13 30 10 62 14 43 72 99,3,81 51 30 62 62 62 72 99
99 40 54 2 57 30 83 31 38 78,3,99 54 57 57 83 83 83 78
85 53 7 74 84 23 69 62 35 72,3,85 74 84 84 84 69 69 72
19 47 6 40 64 88 3 27 50 84,3,47 47 64 88 88 88 50 84
74 48 5 3 16 20 66 7 6 84,3,74 48 16 20 66 66 66 84
56 37 86 100 9 65 41 99 76 31,3,86 100 100 100 65 99 99 99
75 83 40 28 99 22 44 1 25 6,3,83 83 99 99 99 44 44 25
38 81 87 74 15 79 77 68 49 95,3,87 87 87 79 79 79 77 95
90 51 3 85 73 42 10 2 60 71,3,90 85 85 85 73 42 60 71
93 8 94 52 61 5 10 55 60 78,3,94 94 94 61 61 55 60 78
8 100 92 24 30 84 74 34 31 1,3,100 100 92 84 84 84 74 34
61 37 27 34 85 75 42 30 17 3,3,61 37 85 85 85 75 42 30
14 67 41 62 30 94 17 67 57 47,3,67 67 62 94 94 94 67 67
54 69 65 9 9 87 12 76 90 59,3,69 69 65 87 87 87 90 90
88 90 13 68 48 95 2 45 7 33,3,90 90 68 95 95 95 45 45
18 16 97 46 90 41 17 22 100 93,3,97 97 97 90 90 41 100 100
28 22 69 30 10 9 9 37 63 41,3,69 69 69 30 10 37 63 63
10 17 35 77 10 35 8 87 48 25,3,35 77 77 77 35 87 87 87
95 39 89 37 18 10 46 27 93 96,3,95 89 89 37 46 46 93 96
66 93 31 25 59 68 87 24 41 5,3,93 93 59 68 87 87 87 41
79 9 71 30 17 60 12 100 31 40,3,79 71 71 60 60 100 100 100
82 41 55 29 84 78 62 76 87 32,3,82 55 84 84 84 78 87 87
6 44 87 41 25 57 36 51 29 98,3,87 87 87 57 57 57 51 98
86 29 28 41 5 46 37 36 69 86,3,86 41 41 46 46 46 69 86
91 71 68 61 97 54 86 48 74 67,3,91 71 97 97 97 86 86 74
60 25 20 81 47 22 79 80 41 21,3,60 81 81 81 79 80 80 80
24 32 39 26 68 11 6 18 22 51,3,39 39 68 68 68 18 22 51
7 73 72 63 65 57 72 37 86 51,3,73 73 72 65 72 72 86 86
21 78 73 51 78 91 56 99 17 19,3,78 78 78 91 91 99 99 99
43 36 29 50 37 74 91 70 17 42,3,43 50 50 74 91 91 91 70
57 25 62 15 98 92 2 12 49 52,3,62 62 98 98 98 92 49 52
75 80 19 73 28 79 88 32 70 59,3,80 80 73 79 88 88 88 70
43 3 51 36 15 34 72 69 42 95,3,51 51 51 36 72 72 72 95
31 78 18 25 39 60 37 38 15 35,3,78 78 39 60 60 60 38 38
47 85 18 87 86 12 12 50 82 20,3,85 87 87 87 86 50 82 82
13 24 48 82 99 87 21 75 97 76,3,48 82 99 99 99 87 97 97
68 34 63 26 70 5 77 48 67 93,3,68 63 70 70 77 77 77 93
8 87 59 68 59 50 34 6 2 73,3,87 87 68 68 59 50 34 73
33 74 92 58 53 57 14 99 36 64,3,92 92 92 58 57 99 99 99
15 58 77 87 74 5 41 17 73 58,3,77 87 87 87 74 41 73 73
29 38 49 44 89 55 77 26 39 31,3,49 49 89 89 89 77 77 39
14 69 81 49 88 14 59 25 58 22,3,81 81 88 88 88 59 59 58
69 86 40 43 66 64 38 41 98 88,3,86 86 66 66 66 64 98 98
29 67 94 60 68 67 18 19 76 79,3,94 94 94 68 68 67 76 79
2 17 12 43 97 3 45 31 51 93,3,17 43 97 97 97 45 51 93
12 80 29 66 13 51 78 63 55 57,3,80 80 66 66 78 78 78 63
75 39 38 77 1 5 22 51 45 3,3,75 77 77 77 22 51 51 51
55 22 93 47 44 92 89 84 89 29,3,93 93 93 92 92 92 89 89
22 85 26 72 17 50 77 66 82 13,3,85 85 72 72 77 77 82 82
67 90 60 20 99 44 37 68 70 46,3,90 90 99 99 99 68 70 70
7 36 63 35 34 87 77 31 91 33,3,63 63 63 87 87 87 91 91
55 66 39 68 94 85 52 49 19 46,3,66 68 94 94 94 85 52 49
65 32 82 57 64 63 75 26 8 44,3,82 82 82 64 75 75 75 44
52 93 75 15 36 66 19 46 7 3,3,93 93 75 66 66 66 46 46
38 94 77 64 74 5 8 45 99 75,3,94 94 77 74 74 45 99 99
33 14 56 87 40 33 58 22 90 42,3,56 87 87 87 58 58 90 90
37 70 64 60 82 49 81 70 32 81,3,70 70 82 82 82 81 81 81
32 52 40 49 50 43 12 71 80 80,3,52 52 50 50 50 71 80 80
8 76 100 25 23 16 82 70 97 62,3,100 100 100 25 82 82 97 97
43 38 85 76 28 80 84 52 36 17,3,85 85 85 80 84 84 84 52
36 60 98 81 63 56 4 50 86 91,3,98 98 98 81 63 56 86 91
40 46 8 72 11 94 15 35 38 2,3,46 72 72 94 94 94 38 38
77 20 30 18 68 41 95 40 23 38,3,77 30 68 68 95 95 95 40
24 16 30 10 28 97 55 92 47 51,3,30 30 30 97 97 97 92 92
6 73 56 37 83 14 91 18 72 50,3,73 73 83 83 91 91 91 72
42 53 33 51 44 66 90 91 32 68,3,53 53 51 66 90 91 91 91
50 57 13 3 43 33 92 7 55 68,3,57 57 43 43 92 92 92 68
12 73 2 27 58 15 87 57 85 99,3,73 73 58 58 87 87 87 99
7 34 28 53 49 69 75 13 80 58,3,34 53 53 69 75 75 80 80
77 34 31 38 1 52 62 87 34 7,3,77 38 38 52 62 87 87 87
70 14 88 41 19 31 81 19 6 30,3,88 88 88 41 81 81 81 30
98 87 31 67 25 75 61 98 2 68,3,98 87 67 75 75 98 98 98
50 75 73 51 37 44 96 77 4 64,3,75 75 73 51 96 96 96 77
8 96 32 41 49 32 35 49 37 43,3,96 96 49 49 49 49 49 49
9 94 46 58 8 73 19 83 54 12,3,94 94 58 73 73 83 83 83
50 7 65 21 91 8 22 36 87 65,3,65 65 91 91 91 36 87 87
69 100 82 79 4 48 73 66 86 5,3,100 100 82 79 73 73 86 86
99 7 65 74 22 15 51 15 83 65,3,99 74 74 74 51 51 83 83
51 2 37 56 30 42 13 46 75 94,3,51 56 56 56 42 46 75 94
74 84 43 96 2 42 23 44 69 19,3,84 96 96 96 42 44 69 69
15 68 36 96 2 51 90 7 35 33,3,68 96 96 96 90 90 90 35
44 28 65 53 11 48 38 3 40 14,3,65 65 65 53 48 48 40 40
41 16 100 84 55 67 15 95 79 57,3,100 100 100 84 67 95 95 95
75 75 74 32 9 1 22 96 31 87,3,75 75 74 32 22 96 96 96
82 92 53 67 51 97 52 72 77 98,3,92 92 67 97 97 97 77 98
24 33 21 86 57 90 78 33 47 5,3,33 86 86 90 90 90 78 47
21 83 35 76 76 39 48 64 55 56,3,83 83 76 76 76 64 64 64
4 47 91 14 67 46 22 72 52 30,3,91 91 91 67 67 72 72 72
59 35 24 56 25 19 83 95 75 66,3,59 56 56 56 83 95 95 95
5 90 16 27 18 55 60 99 77 37,3,90 90 27 55 60 99 99 99
31 53 81 26 82 52 69 97 60 18,3,81 81 82 82 82 97 97 97
5 53 66 58 16 45 25 67 17 88,3,66 66 66 58 45 67 67 88
92 74 49 11 1 26 37 54 12 3,3,92 74 49 26 37 54 54 54
64 50 48 21 48 49 17 69 71 34,3,64 50 48 49 49 69 71 71
95 31 55 76 53 88 60 66 3 77,3,95 76 76 88 88 88 66 77
95 53 54 97 21 6 53 89 70 31,3,95 97 97 97 53 89 89 89
42 15 4 5 44 25 51 42 62 40,3,42 15 44 44 51 51 62 62
16 35 89 59 30 39 71 6 94 98,3,89 89 89 59 71 71 94 98
6 42 16 39 14 61 45 52 2 51,3,42 42 39 61 61 61 52 52
33 91 33 82 33 25 39 45 52 42,3,91 91 82 82 39 45 52 52
15 95 26 33 66 48 1 18 90 77,3,95 95 66 66 66 48 90 90
63 12 8 41 72 31 39 1 25 73,3,63 41 72 72 72 39 39 73
13 69 61 1 23 15 73 29 20 11,3,69 69 61 23 73 73 73 29
48 67 10 3 80 65 96 75 78 45,3,67 67 80 80 96 96 96 78
3 97 93 67 81 7 96 1 8 32,3,97 97 93 81 96 96 96 32
59 31 31 86 36 23 4 43 70 87,3,59 86 86 86 36 43 70 87
55 23 58 85 10 16 19 15 42 29,3,58 85 85 85 19 19 42 42
18 91 1 72 31 55 72 38 86 61,3,91 91 72 72 72 72 86 86
37 58 55 65 10 15 38 67 61 77,3,58 65 65 65 38 67 67 77
65 28 19 65 57 64 71 91 69 55,3,65 65 65 65 71 91 91 91
16 33 76 92 51 62 68 31 17 55,3,76 92 92 92 68 68 68 55
55 87 81 46 93 41 15 62 84 87,3,87 87 93 93 93 62 84 87
31 18 66 57 72 42 25 93 63 22,3,66 66 72 72 72 93 93 93
27 28 85 22 71 69 58 91 24 42,3,85 85 85 71 71 91 91 91
57 98 20 43 66 82 76 20 64 83,3,98 98 66 82 82 82 76 83
46 10 73 15 54 91 95 74 42 33,3,73 73 73 91 95 95 95 74
44 58 63 11 74 31 68 17 1 70,3,63 63 74 74 74 68 68 70
36 48 84 53 1 80 11 5 10 73,3,84 84 84 80 80 80 11 73
24 9 44 5 82 43 52 81 85 82,3,44 44 82 82 82 81 85 85
59 85 69 45 9 76 38 65 87 46,3,85 85 69 76 76 76 87 87
42 89 32 86 88 68 3 15 40 55,3,89 89 88 88 88 68 40 55
41 99 36 68 11 71 64 14 100 63,3,99 99 68 71 71 71 100 100
12 57 43 100 41 1 33 3 21 59,3,57 100 100 100 41 33 33 59
12 54 71 90 96 23 91 54 94 17,3,71 90 96 96 96 91 94 94
67 55 13 45 64 30 59 86 33 94,3,67 55 64 64 64 86 86 94
77 6 18 12 33 9 7 5 94 1,3,77 18 33 33 33 9 94 94
40 71 85 55 26 4 11 52 43 94,3,85 85 85 55 26 52 52 94
14 35 79 56 48 20 77 97 28 45,3,79 79 79 56 77 97 97 97
64 76 19 86 25 18 42 67 7 57,3,76 86 86 86 42 67 67 67
41 89 96 76 42 14 44 5 65 56,3,96 96 96 76 44 44 65 65
67 74 44 72 50 57 79 10 53 10,3,74 74 72 72 79 79 79 53
68 18 94 31 44 58 65 66 99 5,3,94 94 94 58 65 66 99 99
76 56 99 82 70 13 17 16 27 36,3,99 99 99 82 70 17 27 36
67 78 87 19 58 12 13 57 17 80,3,87 87 87 58 58 57 57 80
56 74 84 41 9 68 48 19 73 66,3,84 84 84 68 68 68 73 73
16 22 47 94 90 47 70 83 8 99,3,47 94 94 94 90 83 83 99
18 75 34 26 4 64 99 43 99 79,3,75 75 34 64 99 99 99 99
92 7 80 66 38 82 9 5 6 4,3,92 80 80 82 82 82 9 6
58 25 29 92 29 55 85 53 57 9,3,58 92 92 92 85 85 85 57
94 46 51 83 55 82 40 82 51 15,3,94 83 83 83 82 82 82 82
71 39 49 95 75 67 16 4 61 28,3,71 95 95 95 75 67 61 61
20 94 94 8 53 85 99 21 98 89,3,94 94 94 85 99 99 99 98
82 78 86 48 98 14 34 17 87 99,3,86 86 98 98 98 34 87 99
48 47 41 55 18 80 40 61 15 32,3,48 55 55 80 80 80 61 61
21 5 39 68 100 100 27 49 25 79,3,39 68 100 100 100 100 49 79
8 52 44 14 59 29 54 32 33 80,3,52 52 59 59 59 54 54 80
52 22 56 11 12 71 38 60 68 77,3,56 56 56 71 71 71 68 77
28 34 12 33 11 83 40 41 47 48,3,34 34 33 83 83 83 47 48
24 58 39 91 100 88 90 6 11 34,3,58 91 100 100 100 90 90 34
63 65 25 11 32 94 40 67 65 37,3,65 65 32 94 94 94 67 67
45 60 42 41 93 27 57 100 49 55,3,60 60 93 93 93 100 100 100
83 45 96 12 3 6 55 8 63 3,3,96 96 96 12 55 55 63 63
82 50 27 11 4 62 31 3 17 67,3,82 50 27 62 62 62 31 67
66 75 78 22 22 37 79 33 74 33,3,78 78 78 37 79 79 79 74
36 1 89 45 83 62 81 26 63 55,3,89 89 89 83 83 81 81 63
70 82 65 36 73 58 42 5 6 35,3,82 82 73 73 73 58 42 35
15 77 9 50 40 99 98 55 9 31,3,77 77 50 99 99 99 98 55
53 89 35 17 82 48 76 84 43 76,3,89 89 82 82 82 84 84 84
49 55 81 29 83 50 32 87 12 16,3,81 81 83 83 83 87 87 87
25 39 44 7 88 54 71 77 32 73,3,44 44 88 88 88 77 77 77
36 42 27 46 27 26 18 62 34 12,3,42 46 46 46 27 62 62 62
59 20 8 25 10 93 90 54 20 33,3,59 25 25 93 93 93 90 54
45 55 88 41 96 61 20 61 79 22,3,88 88 96 96 96 61 79 79
99 51 76 74 17 90 44 9 88 20,3,99 76 76 90 90 90 88 88
18 40 74 61 13 48 90 30 79 52,3,74 74 74 61 90 90 90 79
73 28 51 55 51 69 25 31 20 17,3,73 55 55 69 69 69 31 31
91 14 99 97 15 76 11 23 80 84,3,99 99 99 97 76 76 80 84
80 93 16 54 8 45 46 4 29 59,3,93 93 54 54 46 46 46 59
2 7 4 14 75 72 21 9 66 73,3,7 14 75 75 75 72 66 73
99 18 13 72 19 77 45 11 26 92,3,99 72 72 77 77 77 45 92
8 11 25 50 75 37 63 69 26 70,3,25 50 75 75 75 69 69 70
64 63 64 88 40 65 8 92 46 15,3,64 88 88 88 65 92 92 92
62 96 10 17 27 70 42 38 11 19,3,96 96 27 70 70 70 42 38
48 95 75 44 10 84 15 34 69 97,3,95 95 75 84 84 84 69 97
9 41 4 87 92 62 75 87 94 1,3,41 87 92 92 92 87 94 94
57 69 45 38 28 12 33 81 46 39,3,69 69 45 38 33 81 81 81
89 35 33 15 7 86 93 71 15 42,3,89 35 33 86 93 93 93 71
66 73 15 83 64 87 4 94 79 26,3,73 83 83 87 87 94 94 94
34 63 64 51 33 27 89 80 56 32,3,64 64 64 51 89 89 89 80
69 31 35 62 22 95 35 9 81 63,3,69 62 62 95 95 95 81 81
65 59 58 74 34 34 15 58 32 44,3,65 74 74 74 34 58 58 58
78 61 48 24 27 49 74 43 67 35,3,78 61 48 49 74 74 74 67
70 46 13 22 67 76 96 37 81 97,3,70 46 67 76 96 96 96 97
48 70 72 95 24 15 20 66 37 100,3,72 95 95 95 24 66 66 100
53 18 19 12 55 96 42 31 62 42,3,53 19 55 96 96 96 62 62
66 96 97 93 29 99 47 31 58 91,3,97 97 97 99 99 99 58 91
13 14 44 30 73 26 75 5 100 86,3,44 44 73 73 75 75 100 100
65 71 88 45 91 38 37 84 79 13,3,88 88 91 91 91 84 84 84
47 60 49 47 51 92 53 45 41 40,3,60 60 51 92 92 92 53 45
33 38 37 83 1 98 100 70 28 29,3,38 83 83 98 100 100 100 70
57 55 88 92 72 40 65 52 64 84,3,88 92 92 92 72 65 65 84
34 29 4 63 48 33 84 12 43 91,3,34 63 63 63 84 84 84 91
37 56 32 14 10 84 25 37 2 89,3,56 56 32 84 84 84 37 89
23 80 70 28 26 78 34 77 30 41,3,80 80 70 78 78 78 77 77
84 12 2 83 44 12 84 97 16 72,3,84 83 83 83 84 97 97 97
100 54 25 59 96 95 78 72 61 70,3,100 59 96 96 96 95 78 72
39 41 50 70 59 78 43 99 67 88,3,50 70 70 78 78 99 99 99
23 59 82 20 57 51 12 95 16 83,3,82 82 82 57 57 95 95 95
53 95 38 34 84 9 25 40 87 88,3,95 95 84 84 84 40 87 88
72 32 39 99 21 86 32 38 42 27,3,72 99 99 99 86 86 42 42
29 44 66 37 84 68 38 39 77 54,3,66 66 84 84 84 68 77 77
10 77 75 57 48 78 89 43 22 57,3,77 77 75 78 89 89 89 57
62 1 5 19 85 15 25 20 49 59,3,62 19 85 85 85 25 49 59
67 98 81 50 39 26 31 21 29 91,3,98 98 81 50 39 31 31 91
64 20 52 15 52 58 85 63 15 85,3,64 52 52 58 85 85 85 85
40 16 51 57 64 68 20 89 80 92,3,51 57 64 68 68 89 89 92
97 94 33 25 45 74 81 86 33 62,3,97 94 45 74 81 86 86 86
18 14 35 5 34 43 32 77 40 54,3,35 35 35 43 43 77 77 77
31 90 37 29 93 13 57 61 43 35,3,90 90 93 93 93 61 61 61
31 88 96 25 43 72 51 64 82 27,3,96 96 96 72 72 72 82 82
4 84 51 29 24 75 14 7 45 67,3,84 84 51 75 75 75 45 67
23 77 82 59 22 16 61 93 100 93,3,82 82 82 59 61 93 100 100
24 27 80 85 72 67 52 78 69 62,3,80 85 85 85 72 78 78 78
45 83 32 79 6 14 83 99 56 65,3,83 83 79 79 83 99 99 99
14 5 39 30 2 14 32 96 59 75,3,39 39 39 30 32 96 96 96
6 47 5 88 14 12 54 23 84 23,3,47 88 88 88 54 54 84 84
66 31 69 14 68 87 19 10 99 61,3,69 69 69 87 87 87 99 99
49 54 93 41 71 5 83 36 66 2,3,93 93 93 71 83 83 83 66
8 32 9 43 83 39 21 10 4 87,3,32 43 83 83 83 39 21 87
40 39 33 84 8 46 90 94 60 30,3,40 84 84 84 90 94 94 94
36 80 39 98 6 25 49 100 92 44,3,80 98 98 98 49 100 100 100
99 10 49 54 33 70 48 48 82 45,3,99 54 54 70 70 70 82 82
57 22 32 13 42 55 84 14 33 88,3,57 32 42 55 84 84 84 88
59 22 64 37 20 23 86 6 60 12,3,64 64 64 37 86 86 86 60
78 12 80 66 53 84 7 18 36 66,3,80 80 80 84 84 84 36 66
34 9 77 94 5 26 100 43 20 72,3,77 94 94 94 100 100 100 72
54 17 7 74 19 87 6 42 73 47,3,54 74 74 87 87 87 73 73
92 71 16 34 82 25 51 77 74 52,3,92 71 82 82 82 77 77 77
27 49 60 80 43 87 57 49 100 52,3,60 80 80 87 87 87 100 100
84 13 76 96 7 41 15 16 54 63,3,84 96 96 96 41 41 54 63
24 41 68 19 74 96 89 34 78 41,3,68 68 74 96 96 96 89 78
94 90 49 38 1 79 75 35 19 79,3,94 90 49 79 79 79 75 79
96 76 94 97 93 61 91 50 7 17,3,96 97 97 97 93 91 91 50
40 13 48 74 26 59 10 4 100 99,3,48 74 74 74 59 59 100 100
89 70 72 39 53 46 47 19 56 45,3,89 72 72 53 53 47 56 56
99 8 80 4 45 39 49 85 41 81,3,99 80 80 45 49 85 85 85
76 94 47 86 21 10 16 40 1 49,3,94 94 86 86 21 40 40 49
21 44 61 71 57 14 72 47 89 83,3,61 71 71 71 72 72 89 89
52 58 44 19 71 39 73 81 10 7,3,58 58 71 71 73 81 81 81
9 92 43 71 32 83 77 74 17 80,3,92 92 71 83 83 83 77 80
11 21 8 71 71 48 85 82 85 38,3,21 71 71 71 85 85 85 85
11 35 91 77 98 15 13 73 39 47,3,91 91 98 98 98 73 73 73
93 90 71 44 55 77 94 34 57 38,3,93 90 71 77 94 94 94 57
70 59 72 23 1 48 53 9 3 65,3,72 72 72 48 53 53 53 65
92 56 10 96 37 1 69 60 23 41,3,92 96 96 96 69 69 69 60
66 47 68 20 80 32 60 94 98 72,3,68 68 80 80 80 94 98 98
89 22 66 18 19 42 59 14 71 92,3,89 66 66 42 59 59 71 92
69 91 78 6 75 45 8 43 15 47,3,91 91 78 75 75 45 43 47
71 80 17 25 96 95 76 50 36 79,3,80 80 96 96 96 95 76 79
72 72 38 9 69 51 2 86 79 74,3,72 72 69 69 69 86 86 86
75 46 93 7 19 55 42 38 10 9,3,93 93 93 55 55 55 42 38
9 22 11 34 64 29 54 73 88 56,3,22 34 64 64 64 73 88 88
14 70 78 9 32 77 64 58 20 48,3,78 78 78 77 77 77 64 58
81 26 33 55 69 41 99 65 67 38,3,81 55 69 69 99 99 99 67
11 3 7 51 21 57 56 46 47 62,3,11 51 51 57 57 57 56 62
91 34 32 19 71 93 56 78 44 96,3,91 34 71 93 93 93 78 96
29 76 56 95 85 8 50 61 3 78,3,76 95 95 95 85 61 61 78
54 10 39 3 64 99 19 33 84 44,3,54 39 64 99 99 99 84 84
37 51 18 55 27 97 35 58 10 76,3,51 55 55 97 97 97 58 76
48 26 88 67 52 6 26 40 68 63,3,88 88 88 67 52 40 68 68
40 68 88 71 96 18 54 47 62 37,3,88 88 96 96 96 54 62 62
41 24 22 50 28 24 43 3 5 59,3,41 50 50 50 43 43 43 59
42 42 5 56 94 60 83 26 70 11,3,42 56 94 94 94 83 83 70
71 79 66 2 10 80 5 36 65 84,3,79 79 66 80 80 80 65 84
88 50 61 62 93 57 56 56 31 68,3,88 62 93 93 93 57 56 68
63 24 43 88 45 53 3 82 33 3,3,63 88 88 88 53 82 82 82
81 38 56 93 65 51 45 15 99 32,3,81 93 93 93 65 51 99 99
9 45 98 26 68 21 14 81 22 20,3,98 98 98 68 68 81 81 81
60 20 65 39 36 71 43 86 89 72,3,65 65 65 71 71 86 89 89
68 55 28 67 18 1 37 5 77 20,3,68 67 67 67 37 37 77 77
15 72 71 30 83 53 46 49 11 16,3,72 72 83 83 83 53 49 49
91 44 90 59 100 85 35 31 33 9,3,91 90 100 100 100 85 35 33
77 55 8 4 70 10 14 39 14 13,3,77 55 70 70 70 39 39 39
28 29 75 19 30 27 95 26 81 78,3,75 75 75 30 95 95 95 81
87 97 98 72 5 10 2 68 90 86,3,98 98 98 72 10 68 90 90
20 40 41 29 95 70 79 3 47 29,3,41 41 95 95 95 79 79 47
41 7 55 98 48 20 82 33 8 54,3,55 98 98 98 82 82 82 54
42 79 26 41 53 96 50 4 2 54,3,79 79 53 96 96 96 50 54
79 90 91 46 100 48 72 23 79 80,3,91 91 100 100 100 72 79 80
8 4 22 91 35 80 22 54 25 84,3,22 91 91 91 80 80 54 84
81 50 87 69 96 31 49 27 39 94,3,87 87 96 96 96 49 49 94
82 78 11 9 52 72 43 87 46 29,3,82 78 52 72 72 87 87 87
3 77 21 73 94 28 27 93 70 96,3,77 77 94 94 94 93 93 96
16 88 20 99 56 38 69 59 93 46,3,88 99 99 99 69 69 93 93
88 16 37 20 28 53 72 86 52 40,3,88 37 37 53 72 86 86 86
22 31 76 30 18 80 68 49 75 99,3,76 76 76 80 80 80 75 99
92 89 66 24 74 69 82 77 36 54,3,92 89 74 74 82 82 82 77
41 68 7 94 60 52 74 96 33 60,3,68 94 94 94 74 96 96 96
65 18 78 87 13 15 92 61 8 28,3,78 87 87 87 92 92 92 61
34 37 93 91 62 90 89 57 75 43,3,93 93 93 91 90 90 89 75
68 52 5 81 61 41 27 78 4 53,3,68 81 81 81 61 78 78 78
6 42 15 17 27 93 39 95 77 78,3,42 42 27 93 93 95 95 95
55 2 2 51 42 13 49 89 57 63,3,55 51 51 51 49 89 89 89
75 29 18 28 73 50 55 85 47 63,3,75 29 73 73 73 85 85 85
41 23 60 48 77 57 58 13 47 16,3,60 60 77 77 77 58 58 47
39 53 41 89 28 70 97 46 8 26,3,53 89 89 89 97 97 97 46
74 61 100 48 44 51 38 26 90 65,3,100 100 100 51 51 51 90 90
35 66 69 4 94 55 37 90 70 75,3,69 69 94 94 94 90 90 90
71 89 30 48 26 86 71 72 11 39,3,89 89 48 86 86 86 72 72
72 15 87 25 89 59 100 90 64 85,3,87 87 89 89 100 100 100 90
74 55 73 4 52 12 19 15 43 96,3,74 73 73 52 52 19 43 96
6 21 24 40 6 61 80 83 18 65,3,24 40 40 61 80 83 83 83
86 73 55 22 82 52 66 25 85 44,3,86 73 82 82 82 66 85 85
57 79 47 96 82 96 35 38 72 88,3,79 96 96 96 96 96 72 88
79 39 63 95 30 39 72 37 61 1,3,79 95 95 95 72 72 72 61
73 86 90 59 58 69 9 58 91 97,3,90 90 90 69 69 69 91 97
82 78 57 62 24 23 91 67 99 46,3,82 78 62 62 91 91 99 99
82 10 52 92 75 75 47 46 33 28,3,82 92 92 92 75 75 47 46
50 39 85 22 41 26 11 6 79 48,3,85 85 85 41 41 26 79 79
54 71 28 11 55 63 71 24 40 72,3,71 71 55 63 71 71 71 72
4 55 88 25 48 80 31 6 35 37,3,88 88 88 80 80 80 35 37
70 65 81 32 87 25 98 62 100 12,3,81 81 87 87 98 98 100 100
92 81 26 63 13 47 84 75 60 22,3,92 81 63 63 84 84 84 75
94 48 82 49 77 15 90 43 21 35,3,94 82 82 77 90 90 90 43
27 40 57 100 88 31 68 58 98 72,3,57 100 100 100 88 68 98 98
64 34 88 54 89 51 42 51 71 19,3,88 88 89 89 89 51 71 71
100 72 85 8 62 31 62 31 45 2,3,100 85 85 62 62 62 62 45
96 82 56 45 54 90 83 60 11 27,3,96 82 56 90 90 90 83 60
50 69 18 93 52 22 16 58 70 80,3,69 93 93 93 52 58 70 80
16 77 49 85 90 68 85 79 58 6,3,77 85 90 90 90 85 85 79
15 31 6 24 29 87 50 29 12 38,3,31 31 29 87 87 87 50 38
64 98 20 55 58 70 90 44 69 30,3,98 98 58 70 90 90 90 69
62 22 67 51 24 73 52 26 74 25,3,67 67 67 73 73 73 74 74
100 42 76 9 95 100 34 33 90 88,3,100 76 95 100 100 100 90 90
58 69 65 40 11 67 79 62 78 82,3,69 69 65 67 79 79 79 82
85 1 42 79 77 100 59 40 75 41,3,85 79 79 100 100 100 75 75
26 21 75 25 22 18 23 73 33 80,3,75 75 75 25 23 73 73 80
62 12 99 50 74 19 99 9 3 59,3,99 99 99 74 99 99 99 59
90 3 54 96 73 37 3 45 89 52,3,90 96 96 96 73 45 89 89
50 19 4 26 70 79 69 96 61 6,3,50 26 70 79 79 96 96 96
31 1 55 96 20 4 97 27 72 76,3,55 96 96 96 97 97 97 76
27 93 65 91 35 90 90 5 10 56,3,93 93 91 91 90 90 90 56
83 77 88 99 27 3 82 75 8 10,3,88 99 99 99 82 82 82 75
3 65 98 58 82 13 7 49 50 61,3,98 98 98 82 82 49 50 61
99 5 93 73 40 97 53 50 55 12,3,99 93 93 97 97 97 55 55
66 32 79 44 53 18 29 73 5 95,3,79 79 79 53 53 73 73 95
61 31 67 16 73 99 33 37 52 59,3,67 67 73 99 99 99 52 59
15 95 45 85 73 47 58 55 13 63,3,95 95 85 85 73 58 58 63
76 40 10 82 56 77 50 33 92 44,3,76 82 82 82 77 77 92 92
61 6 41 93 65 75 65 31 16 46,3,61 93 93 93 75 75 65 46
68 33 61 90 73 80 95 7 8 78,3,68 90 90 90 95 95 95 78
7 58 79 22 19 70 62 48 82 2,3,79 79 79 70 70 70 82 82
87 37 17 26 25 98 71 35 86 46,3,87 37 26 98 98 98 86 86
98 29 92 55 31 72 52 41 47 12,3,98 92 92 72 72 72 52 47
1 61 44 79 83 75 37 2 20 33,3,61 79 83 83 83 75 37 33
57 76 89 13 14 13 69 31 41 75,3,89 89 89 14 69 69 69 75
79 81 91 42 58 83 36 28 82 24,3,91 91 91 83 83 83 82 82
53 7 87 100 46 5 1 67 9 25,3,87 100 100 100 46 67 67 67
67 11 21 16 44 99 76 94 28 38,3,67 21 44 99 99 99 94 94
55 52 51 70 42 78 70 95 40 19,3,55 70 70 78 78 95 95 95
98 94 54 90 41 70 65 62 62 27,3,98 94 90 90 70 70 65 62
44 19 21 94 64 57 99 89 78 76,3,44 94 94 94 99 99 99 89
54 81 61 38 25 45 6 97 31 70,3,81 81 61 45 45 97 97 97
76 42 25 28 25 21 28 82 92 51,3,76 42 28 28 28 82 92 92
5 33 20 55 33 69 23 82 72 100,3,33 55 55 69 69 82 82 100
74 21 36 37 27 98 17 77 91 9,3,74 37 37 98 98 98 91 91
39 83 74 4 25 26 78 37 34 22,3,83 83 74 26 78 78 78 37
63 38 18 62 72 56 49 6 99 39,3,63 62 72 72 72 56 99 99
43 60 23 16 29 47 73 1 84 56,3,60 60 29 47 73 73 84 84
38 9 98 51 34 14 55 25 21 4,3,98 98 98 51 55 55 55 25
78 68 96 39 92 37 54 82 58 48,3,96 96 96 92 92 82 82 82
4 13 70 23 32 1 37 98 99 37,3,70 70 70 32 37 98 99 99
17 97 70 93 67 32 1 87 100 66,3,97 97 93 93 67 87 100 100
33 7 13 46 61 71 15 13 87 77,3,33 46 61 71 71 71 87 87
7 74 26 77 17 77 43 61 97 54,3,74 77 77 77 77 77 97 97
39 55 50 8 37 39 42 71 9 62,3,55 55 50 39 42 71 71 71
95 72 13 21 49 56 52 37 33 65,3,95 72 49 56 56 56 52 65
97 27 32 21 36 96 25 37 38 2,3,97 32 36 96 96 96 38 38
2 90 12 43 70 6 40 27 94 70,3,90 90 70 70 70 40 94 94
96 99 61 26 59 34 61 31 16 69,3,99 99 61 59 61 61 61 69
42 26 10 42 82 36 44 17 84 70,3,42 42 82 82 82 44 84 84
97 65 28 28 7 56 50 74 11 71,3,97 65 28 56 56 74 74 74
97 76 55 86 71 72 15 78 6 43,3,97 86 86 86 72 78 78 78
95 68 69 56 55 53 45 37 35 32,3,95 69 69 56 55 53 45 37
83 48 65 4 10 42 48 76 16 24,3,83 65 65 42 48 76 76 76
41 80 7 61 48 57 25 33 74 72,3,80 80 61 61 57 57 74 74
98 51 23 69 51 97 20 99 63 65,3,98 69 69 97 97 99 99 99
17 78 6 66 37 26 80 63 20 33,3,78 78 66 66 80 80 80 63
60 39 53 11 8 5 91 91 20 19,3,60 53 53 11 91 91 91 91
40 4 39 42 65 35 52 50 30 10,3,40 42 65 65 65 52 52 50
9 59 14 63 96 34 7 33 42 93,3,59 63 96 96 96 34 42 93
49 8 40 24 51 61 76 27 21 78,3,49 40 51 61 76 76 76 78
76 39 54 65 4 38 9 35 57 42,3,76 65 65 65 38 38 57 57
86 89 83 76 67 50 79 20 6 42,3,89 89 83 76 79 79 79 42
68 77 20 67 14 20 94 99 7 19,3,77 77 67 67 94 99 99 99
70 96 97 69 66 75 57 65 3 67,3,97 97 97 75 75 75 65 67
1 12 99 88 10 10 90 19 36 16,3,99 99 99 88 90 90 90 36
26 68 46 86 84 19 57 21 93 53,3,68 86 86 86 84 57 93 93
47 15 71 31 86 10 44 15 76 8,3,71 71 86 86 86 44 76 76
14 47 2 75 39 41 80 73 74 49,3,47 75 75 75 80 80 80 74
56 67 56 60 31 22 57 43 62 81,3,67 67 60 60 57 57 62 81
14 25 47 76 59 12 50 7 61 50,3,47 76 76 76 59 50 61 61
75 36 1 51 86 36 84 2 76 95,3,75 51 86 86 86 84 84 95
76 32 76 28 17 51 48 25 73 35,3,76 76 76 51 51 51 73 73
72 13 1 60 76 53 73 39 81 78,3,72 60 76 76 76 73 81 81
54 47 17 43 70 47 41 85 86 67,3,54 47 70 70 70 85 86 86
90 38 15 21 50 58 33 69 96 15,3,90 38 50 58 58 69 96 96
62 77 68 51 52 95 29 13 29 46,3,77 77 68 95 95 95 29 46
39 37 77 77 81 64 70 52 77 58,3,77 77 81 81 81 70 77 77
49 5 91 81 63 91 18 86 17 45,3,91 91 91 91 91 91 86 86
20 63 44 86 31 94 75 70 96 65,3,63 86 86 94 94 94 96 96
1 97 69 93 13 58 95 88 16 95,3,97 97 93 93 95 95 95 95
25 69 97 62 26 53 59 16 22 14,3,97 97 97 62 59 59 59 22
88 6 42 75 30 44 42 85 89 30,3,88 75 75 75 44 85 89 89
67 33 3 76 28 52 52 70 1 73,3,67 76 76 76 52 70 70 73
81 32 43 64 23 1 77 76 36 35,3,81 64 64 64 77 77 77 76
10 15 19 43 93 1 58 5 43 95,3,19 43 93 93 93 58 58 95
30 95 51 41 27 48 96 23 86 78,3,95 95 51 48 96 96 96 86
26 64 17 24 22 35 92 72 32 55,3,64 64 24 35 92 92 92 72
9 99 76 18 34 50 1 30 65 40,3,99 99 76 50 50 50 65 65
34 40 67 73 33 70 57 57 73 12,3,67 73 73 73 70 70 73 73
71 58 82 44 54 31 82 9 43 46,3,82 82 82 54 82 82 82 46
57 46 36 8 41 34 78 86 42 23,3,57 46 41 41 78 86 86 86
2 84 82 96 34 87 7 7 52 84,3,84 96 96 96 87 87 52 84
46 75 28 78 56 93 49 57 2 13,3,75 78 78 93 93 93 57 57
37 40 66 78 43 63 42 39 93 39,3,66 78 78 78 63 63 93 93
39 55 61 50 87 80 93 38 30 18,3,61 61 87 87 93 93 93 38
64 22 83 28 86 37 90 32 91 35,3,83 83 86 86 90 90 91 91
37 99 75 43 82 50 64 28 81 14,3,99 99 82 82 82 64 81 81
10 87 68 38 18 80 80 56 51 54,3,87 87 68 80 80 80 80 56
44 46 98 48 20 47 14 13 21 89,3,98 98 98 48 47 47 21 89
94 43 65 67 66 89 96 8 12 25,3,94 67 67 89 96 96 96 25
83 54 64 48 22 89 74 3 89 76,3,83 64 64 89 89 89 89 89
59 29 35 13 22 73 74 32 100 55,3,59 35 35 73 74 74 100 100
6 91 69 22 67 18 54 96 41 47,3,91 91 69 67 67 96 96 96
78 70 40 30 78 84 36 64 99 21,3,78 70 78 84 84 84 99 99
48 89 24 4 100 78 73 1 95 21,3,89 89 100 100 100 78 95 95
57 91 19 64 8 20 48 79 47 29,3,91 91 64 64 48 79 79 79
92 70 62 72 21 35 58 63 91 71,3,92 72 72 72 58 63 91 91
55 99 4 72 16 64 7 41 4 19,3,99 99 72 72 64 64 41 41
66 91 81 55 86 39 4 42 58 51,3,91 91 86 86 86 42 58 58
4 13 26 45 54 98 12 99 52 4,3,26 45 54 98 98 99 99 99
29 96 17 90 38 30 12 66 85 54,3,96 96 90 90 38 66 85 85
51 58 100 91 32 29 77 88 25 68,3,100 100 100 91 77 88 88 88
43 51 45 31 9 20 7 55 27 1,3,51 51 45 31 20 55 55 55
23 65 42 7 100 4 66 3 89 71,3,65 65 100 100 100 66 89 89
